Model,Accuracy,Precision,Recall,F1-score,ROC-AUC
ANN,0.9208333333333333,0.5333333333333333,0.4,0.45714285714285713,0.8388636363636364
Logistic Regression,0.9333333333333333,0.75,0.3,0.42857142857142855,0.8059090909090909
Random Forest,0.9208333333333333,0.5714285714285714,0.2,0.2962962962962963,0.7770454545454545
